timestamp,episode,reward_mean,is_win,invalid_click_rate,win_rate_recent,epsilon,eval_avg_reward,eval_win_rate,eval_avg_steps,eval_avg_invalid_rate,eval_seconds_since_last_eval,eval_duration_seconds
2026-06-07T06:10:17.575143,13974,0.39285714285714285,1,0.14285714285714285,0.91,0.02000000000000001,,,,,,
2026-06-07T06:10:25.410015,13975,0.625,1,0.0,0.91,0.02000000000000001,,,,,,
2026-06-07T06:10:34.442089,13976,0.6,1,0.0,0.91,0.02000000000000001,,,,,,
2026-06-07T06:10:46.114016,13977,0.5714285714285714,1,0.0,0.91,0.02000000000000001,,,,,,
2026-06-07T06:11:05.437108,13978,0.5384615384615384,1,0.0,0.91,0.02000000000000001,,,,,,
2026-06-07T06:11:15.830728,13979,0.5833333333333334,1,0.0,0.91,0.02000000000000001,,,,,,
2026-06-07T06:11:26.204809,13980,0.5833333333333334,1,0.0,0.91,0.02000000000000001,,,,,,
2026-06-07T06:11:35.272611,13981,0.6,1,0.0,0.91,0.02000000000000001,,,,,,
2026-06-07T06:11:45.724860,13982,0.5833333333333334,1,0.0,0.91,0.02000000000000001,,,,,,
2026-06-07T06:11:53.584499,13983,0.625,1,0.0,0.91,0.02000000000000001,,,,,,
2026-06-07T06:12:07.558959,13984,0.4166666666666667,1,0.1111111111111111,0.91,0.02000000000000001,,,,,,
2026-06-07T06:12:14.172910,13985,0.6666666666666666,1,0.0,0.91,0.02000000000000001,,,,,,
2026-06-07T06:12:24.495376,13986,0.3,0,0.0,0.9,0.02000000000000001,,,,,,
2026-06-07T06:12:37.314303,13987,0.40625,1,0.125,0.9,0.02000000000000001,,,,,,
2026-06-07T06:12:51.433349,13988,0.5555555555555556,1,0.0,0.9,0.02000000000000001,,,,,,
2026-06-07T06:12:59.222481,13989,0.625,1,0.0,0.9,0.02000000000000001,,,,,,
2026-06-07T06:13:10.181649,13990,0.6,1,0.0,0.9,0.02000000000000001,,,,,,
2026-06-07T06:13:29.414061,13991,0.5384615384615384,1,0.0,0.9,0.02000000000000001,,,,,,
2026-06-07T06:13:45.987977,13992,0.5454545454545454,1,0.0,0.91,0.02000000000000001,,,,,,
2026-06-07T06:13:51.330344,13993,0.75,1,0.0,0.91,0.02000000000000001,,,,,,
2026-06-07T06:14:05.331051,13994,0.4166666666666667,1,0.1111111111111111,0.91,0.02000000000000001,,,,,,
2026-06-07T06:14:18.213659,13995,0.5625,1,0.0,0.91,0.02000000000000001,,,,,,
2026-06-07T06:14:24.876419,13996,0.6666666666666666,1,0.0,0.91,0.02000000000000001,,,,,,
2026-06-07T06:14:32.788351,13997,0.625,1,0.0,0.91,0.02000000000000001,,,,,,
2026-06-07T06:14:38.194073,13998,-0.09999999999999998,0,0.0,0.9,0.02000000000000001,,,,,,
2026-06-07T06:14:48.641029,13999,0.5833333333333334,1,0.0,0.9,0.02000000000000001,,,,,,
2026-06-07T06:14:56.704273,14000,0.625,1,0.0,0.9,0.02000000000000001,,,,,,
2026-06-07T06:15:09.147222,14001,0.5714285714285714,1,0.0,0.9,0.02000000000000001,,,,,,
2026-06-07T06:15:19.735377,14002,0.3,0,0.0,0.89,0.02000000000000001,,,,,,
2026-06-07T06:15:26.421196,14003,0.6666666666666666,1,0.0,0.89,0.02000000000000001,,,,,,
2026-06-07T06:15:38.330468,14004,0.5714285714285714,1,0.0,0.89,0.02000000000000001,,,,,,
2026-06-07T06:15:47.567320,14005,0.26,0,0.0,0.88,0.02000000000000001,,,,,,
2026-06-07T06:15:58.061840,14006,0.5833333333333334,1,0.0,0.88,0.02000000000000001,,,,,,
2026-06-07T06:16:02.196655,14007,1.0,1,0.0,0.88,0.02000000000000001,,,,,,
2026-06-07T06:16:16.554215,14008,0.5625,1,0.0,0.88,0.02000000000000001,,,,,,
2026-06-07T06:16:23.237321,14009,0.10000000000000002,0,0.0,0.87,0.02000000000000001,,,,,,
2026-06-07T06:16:31.198360,14010,0.625,1,0.0,0.87,0.02000000000000001,,,,,,
2026-06-07T06:16:46.642611,14011,0.38,0,0.0,0.86,0.02000000000000001,,,,,,
2026-06-07T06:16:58.230812,14012,0.5714285714285714,1,0.0,0.86,0.02000000000000001,,,,,,
2026-06-07T06:17:13.968886,14013,0.55,1,0.0,0.87,0.02000000000000001,,,,,,
2026-06-07T06:17:30.951512,14014,0.5454545454545454,1,0.0,0.87,0.02000000000000001,,,,,,
2026-06-07T06:17:36.371976,14015,0.75,1,0.0,0.87,0.02000000000000001,,,,,,
2026-06-07T06:17:45.481856,14016,0.6,1,0.0,0.87,0.02000000000000001,,,,,,
2026-06-07T06:17:59.645271,14017,0.36666666666666664,0,0.0,0.86,0.02000000000000001,,,,,,
2026-06-07T06:18:11.488511,14018,0.5714285714285714,1,0.0,0.86,0.02000000000000001,,,,,,
2026-06-07T06:18:20.586159,14019,0.6,1,0.0,0.86,0.02000000000000001,,,,,,
2026-06-07T06:18:35.979429,14020,0.55,1,0.0,0.86,0.02000000000000001,,,,,,
2026-06-07T06:18:51.395390,14021,0.55,1,0.0,0.86,0.02000000000000001,,,,,,
2026-06-07T06:19:00.581286,14022,0.6,1,0.0,0.86,0.02000000000000001,,,,,,
2026-06-07T06:19:10.964623,14023,0.5833333333333334,1,0.0,0.86,0.02000000000000001,,,,,,
2026-06-07T06:19:26.994131,14024,0.5555555555555556,1,0.0,0.86,0.02000000000000001,,,,,,
2026-06-07T06:19:38.677362,14025,0.5714285714285714,1,0.0,0.86,0.02000000000000001,,,,,,
2026-06-07T06:19:48.991324,14026,0.5833333333333334,1,0.0,0.86,0.02000000000000001,,,,,,
2026-06-07T06:20:01.874614,14027,0.5625,1,0.0,0.86,0.02000000000000001,,,,,,
2026-06-07T06:20:16.037511,14028,0.5555555555555556,1,0.0,0.86,0.02000000000000001,,,,,,
2026-06-07T06:20:26.436535,14029,0.5833333333333334,1,0.0,0.87,0.02000000000000001,,,,,,
2026-06-07T06:20:34.263538,14030,0.625,1,0.0,0.87,0.02000000000000001,,,,,,
2026-06-07T06:20:53.397253,14031,0.5384615384615384,1,0.0,0.88,0.02000000000000001,,,,,,
2026-06-07T06:21:01.283412,14032,0.625,1,0.0,0.88,0.02000000000000001,,,,,,
2026-06-07T06:21:09.199802,14033,0.625,1,0.0,0.88,0.02000000000000001,,,,,,
2026-06-07T06:21:17.144431,14034,0.625,1,0.0,0.88,0.02000000000000001,,,,,,
2026-06-07T06:21:21.328378,14035,1.0,1,0.0,0.88,0.02000000000000001,,,,,,
2026-06-07T06:21:29.233522,14036,0.625,1,0.0,0.88,0.02000000000000001,,,,,,
2026-06-07T06:21:37.205810,14037,0.2,0,0.0,0.87,0.02000000000000001,,,,,,
2026-06-07T06:21:45.169615,14038,0.625,1,0.0,0.88,0.02000000000000001,,,,,,
2026-06-07T06:21:54.405192,14039,0.6,1,0.0,0.88,0.02000000000000001,,,,,,
2026-06-07T06:22:02.257266,14040,0.625,1,0.0,0.89,0.02000000000000001,,,,,,
2026-06-07T06:22:10.144408,14041,0.625,1,0.0,0.89,0.02000000000000001,,,,,,
2026-06-07T06:22:15.503041,14042,-0.09999999999999998,0,0.0,0.88,0.02000000000000001,,,,,,
2026-06-07T06:22:23.443030,14043,0.625,1,0.0,0.88,0.02000000000000001,,,,,,
2026-06-07T06:22:33.604036,14044,0.6,1,0.0,0.88,0.02000000000000001,,,,,,
2026-06-07T06:22:43.996765,14045,0.5833333333333334,1,0.0,0.88,0.02000000000000001,,,,,,
2026-06-07T06:22:56.804231,14046,0.5625,1,0.0,0.88,0.02000000000000001,,,,,,
2026-06-07T06:23:06.009967,14047,0.6,1,0.0,0.88,0.02000000000000001,,,,,,
2026-06-07T06:23:18.769491,14048,0.40625,1,0.125,0.88,0.02000000000000001,,,,,,
2026-06-07T06:23:35.448162,14049,0.5454545454545454,1,0.0,0.88,0.02000000000000001,,,,,,
2026-06-07T06:23:53.831435,14050,0.5416666666666666,1,0.0,0.88,0.02000000000000001,,,,,,
2026-06-07T06:25:00.706934,14050,,,,,,3.3033333333333332,0.9333333333333333,6.166666666666667,0.009523809523809523,2227.2505782000007,66.71385720000035
2026-06-07T06:25:07.526710,14051,0.10000000000000002,0,0.0,0.87,0.02000000000000001,,,,,,
2026-06-07T06:25:19.511278,14052,0.39285714285714285,1,0.14285714285714285,0.87,0.02000000000000001,,,,,,
2026-06-07T06:25:36.837658,14053,0.5454545454545454,1,0.0,0.87,0.02000000000000001,,,,,,
2026-06-07T06:25:44.844770,14054,0.6666666666666666,1,0.0,0.87,0.02000000000000001,,,,,,
2026-06-07T06:25:52.930965,14055,0.625,1,0.0,0.87,0.02000000000000001,,,,,,
2026-06-07T06:26:02.224315,14056,0.35,1,0.2,0.87,0.02000000000000001,,,,,,
2026-06-07T06:26:12.857074,14057,0.5833333333333334,1,0.0,0.87,0.02000000000000001,,,,,,
2026-06-07T06:26:24.370794,14058,0.5714285714285714,1,0.0,0.87,0.02000000000000001,,,,,,
2026-06-07T06:26:36.012965,14059,0.5714285714285714,1,0.0,0.87,0.02000000000000001,,,,,,
2026-06-07T06:26:42.679117,14060,0.10000000000000002,0,0.0,0.87,0.02000000000000001,,,,,,
2026-06-07T06:26:49.350450,14061,0.6666666666666666,1,0.0,0.88,0.02000000000000001,,,,,,
2026-06-07T06:26:59.679084,14062,0.5833333333333334,1,0.0,0.88,0.02000000000000001,,,,,,
2026-06-07T06:27:08.805363,14063,0.6,1,0.0,0.88,0.02000000000000001,,,,,,
2026-06-07T06:27:24.255980,14064,0.55,1,0.0,0.88,0.02000000000000001,,,,,,
2026-06-07T06:27:39.592185,14065,0.55,1,0.0,0.88,0.02000000000000001,,,,,,
2026-06-07T06:27:49.966071,14066,0.5833333333333334,1,0.0,0.88,0.02000000000000001,,,,,,
2026-06-07T06:28:01.676465,14067,0.5714285714285714,1,0.0,0.88,0.02000000000000001,,,,,,
2026-06-07T06:28:14.664041,14068,0.5625,1,0.0,0.88,0.02000000000000001,,,,,,
2026-06-07T06:28:26.279715,14069,0.5714285714285714,1,0.0,0.89,0.02000000000000001,,,,,,
2026-06-07T06:28:35.481136,14070,0.6,1,0.0,0.89,0.02000000000000001,,,,,,
2026-06-07T06:28:46.704202,14071,0.5833333333333334,1,0.0,0.89,0.02000000000000001,,,,,,
2026-06-07T06:28:55.868516,14072,0.26,0,0.0,0.88,0.02000000000000001,,,,,,
2026-06-07T06:29:02.574097,14073,0.6666666666666666,1,0.0,0.88,0.02000000000000001,,,,,,
2026-06-07T06:29:19.189245,14074,0.5454545454545454,1,0.0,0.88,0.02000000000000001,,,,,,
2026-06-07T06:29:25.843651,14075,0.6666666666666666,1,0.0,0.88,0.02000000000000001,,,,,,
2026-06-07T06:29:33.662736,14076,0.625,1,0.0,0.88,0.02000000000000001,,,,,,
2026-06-07T06:29:44.057601,14077,0.5833333333333334,1,0.0,0.88,0.02000000000000001,,,,,,
2026-06-07T06:29:51.921084,14078,0.625,1,0.0,0.88,0.02000000000000001,,,,,,
2026-06-07T06:29:58.610986,14079,0.6666666666666666,1,0.0,0.88,0.02000000000000001,,,,,,
2026-06-07T06:30:10.222995,14080,0.5714285714285714,1,0.0,0.88,0.02000000000000001,,,,,,
2026-06-07T06:30:21.210173,14081,0.3,0,0.0,0.87,0.02000000000000001,,,,,,
2026-06-07T06:30:31.605724,14082,0.3,0,0.0,0.86,0.02000000000000001,,,,,,
2026-06-07T06:30:46.870478,14083,0.425,1,0.1,0.86,0.02000000000000001,,,,,,
2026-06-07T06:30:52.268306,14084,0.75,1,0.0,0.86,0.02000000000000001,,,,,,
2026-06-07T06:31:07.575736,14085,0.55,1,0.0,0.86,0.02000000000000001,,,,,,
2026-06-07T06:31:14.296044,14086,0.6666666666666666,1,0.0,0.87,0.02000000000000001,,,,,,
2026-06-07T06:31:24.664165,14087,0.375,1,0.16666666666666666,0.87,0.02000000000000001,,,,,,
2026-06-07T06:31:40.143491,14088,0.55,1,0.0,0.87,0.02000000000000001,,,,,,
2026-06-07T06:31:50.461991,14089,0.5833333333333334,1,0.0,0.87,0.02000000000000001,,,,,,
2026-06-07T06:32:02.131871,14090,0.5714285714285714,1,0.0,0.87,0.02000000000000001,,,,,,
2026-06-07T06:32:17.845968,14091,0.55,1,0.0,0.87,0.02000000000000001,,,,,,
2026-06-07T06:32:25.691173,14092,0.625,1,0.0,0.87,0.02000000000000001,,,,,,
2026-06-07T06:32:33.671094,14093,0.625,1,0.0,0.87,0.02000000000000001,,,,,,
2026-06-07T06:32:47.847051,14094,0.5555555555555556,1,0.0,0.87,0.02000000000000001,,,,,,
2026-06-07T06:33:02.027704,14095,0.5555555555555556,1,0.0,0.87,0.02000000000000001,,,,,,
2026-06-07T06:33:07.456052,14096,0.75,1,0.0,0.87,0.02000000000000001,,,,,,
2026-06-07T06:33:20.461761,14097,0.5625,1,0.0,0.87,0.02000000000000001,,,,,,
2026-06-07T06:33:25.855010,14098,-0.09999999999999998,0,0.0,0.87,0.02000000000000001,,,,,,
2026-06-07T06:33:41.274298,14099,0.425,1,0.1,0.87,0.02000000000000001,,,,,,
2026-06-07T06:33:50.559510,14100,0.6,1,0.0,0.87,0.02000000000000001,,,,,,
2026-06-07T06:33:55.914433,14101,0.75,1,0.0,0.87,0.02000000000000001,,,,,,
2026-06-07T06:34:02.559590,14102,0.6666666666666666,1,0.0,0.88,0.02000000000000001,,,,,,
2026-06-07T06:34:13.086238,14103,0.5833333333333334,1,0.0,0.88,0.02000000000000001,,,,,,
2026-06-07T06:34:25.876026,14104,0.5625,1,0.0,0.88,0.02000000000000001,,,,,,
2026-06-07T06:34:36.256117,14105,0.5833333333333334,1,0.0,0.89,0.02000000000000001,,,,,,
2026-06-07T06:34:53.027108,14106,0.5454545454545454,1,0.0,0.89,0.02000000000000001,,,,,,
2026-06-07T06:35:03.490425,14107,0.5833333333333334,1,0.0,0.89,0.02000000000000001,,,,,,
2026-06-07T06:35:09.933544,14108,0.75,1,0.0,0.89,0.02000000000000001,,,,,,
2026-06-07T06:35:20.384351,14109,0.5833333333333334,1,0.0,0.9,0.02000000000000001,,,,,,
2026-06-07T06:35:32.021300,14110,0.5714285714285714,1,0.0,0.9,0.02000000000000001,,,,,,
2026-06-07T06:35:48.605269,14111,0.5454545454545454,1,0.0,0.91,0.02000000000000001,,,,,,
2026-06-07T06:35:57.772854,14112,0.6,1,0.0,0.91,0.02000000000000001,,,,,,
2026-06-07T06:36:13.500725,14113,0.55,1,0.0,0.91,0.02000000000000001,,,,,,
2026-06-07T06:36:22.581274,14114,0.6,1,0.0,0.91,0.02000000000000001,,,,,,
2026-06-07T06:36:36.684018,14115,0.5555555555555556,1,0.0,0.91,0.02000000000000001,,,,,,
2026-06-07T06:36:45.812812,14116,0.6,1,0.0,0.91,0.02000000000000001,,,,,,
2026-06-07T06:36:51.231480,14117,0.75,1,0.0,0.92,0.02000000000000001,,,,,,
2026-06-07T06:37:01.574104,14118,0.5833333333333334,1,0.0,0.92,0.02000000000000001,,,,,,
2026-06-07T06:37:11.829728,14119,0.5833333333333334,1,0.0,0.92,0.02000000000000001,,,,,,
2026-06-07T06:37:19.689412,14120,0.625,1,0.0,0.92,0.02000000000000001,,,,,,
2026-06-07T06:37:26.327281,14121,0.10000000000000002,0,0.0,0.91,0.02000000000000001,,,,,,
2026-06-07T06:37:37.981549,14122,0.5714285714285714,1,0.0,0.91,0.02000000000000001,,,,,,
2026-06-07T06:37:49.492700,14123,0.5714285714285714,1,0.0,0.91,0.02000000000000001,,,,,,
2026-06-07T06:37:57.354611,14124,0.2,0,0.0,0.9,0.02000000000000001,,,,,,
2026-06-07T06:38:08.945579,14125,0.5714285714285714,1,0.0,0.9,0.02000000000000001,,,,,,
2026-06-07T06:38:20.870155,14126,0.5833333333333334,1,0.0,0.9,0.02000000000000001,,,,,,
2026-06-07T06:38:34.875548,14127,0.5555555555555556,1,0.0,0.9,0.02000000000000001,,,,,,
2026-06-07T06:38:45.251715,14128,0.5833333333333334,1,0.0,0.9,0.02000000000000001,,,,,,
2026-06-07T06:38:49.377324,14129,1.0,1,0.0,0.9,0.02000000000000001,,,,,,
2026-06-07T06:38:57.213146,14130,0.625,1,0.0,0.9,0.02000000000000001,,,,,,
2026-06-07T06:39:11.264314,14131,0.4166666666666667,1,0.1111111111111111,0.9,0.02000000000000001,,,,,,
2026-06-07T06:39:20.407105,14132,0.6,1,0.0,0.9,0.02000000000000001,,,,,,
2026-06-07T06:39:34.449664,14133,0.4166666666666667,1,0.1111111111111111,0.9,0.02000000000000001,,,,,,
2026-06-07T06:39:38.624374,14134,1.0,1,0.0,0.9,0.02000000000000001,,,,,,
2026-06-07T06:39:48.900276,14135,0.5833333333333334,1,0.0,0.9,0.02000000000000001,,,,,,
2026-06-07T06:39:58.006982,14136,0.6,1,0.0,0.9,0.02000000000000001,,,,,,
2026-06-07T06:40:09.630789,14137,0.5714285714285714,1,0.0,0.91,0.02000000000000001,,,,,,
2026-06-07T06:40:16.296903,14138,0.6666666666666666,1,0.0,0.91,0.02000000000000001,,,,,,
2026-06-07T06:40:32.811499,14139,0.4318181818181818,1,0.09090909090909091,0.91,0.02000000000000001,,,,,,
2026-06-07T06:40:50.641964,14140,0.4375,1,0.08333333333333333,0.91,0.02000000000000001,,,,,,
2026-06-07T06:41:04.797573,14141,0.5555555555555556,1,0.0,0.91,0.02000000000000001,,,,,,
2026-06-07T06:41:22.707634,14142,0.5454545454545454,1,0.0,0.92,0.02000000000000001,,,,,,
2026-06-07T06:41:34.417864,14143,0.5714285714285714,1,0.0,0.92,0.02000000000000001,,,,,,
2026-06-07T06:41:43.531009,14144,0.6,1,0.0,0.92,0.02000000000000001,,,,,,
2026-06-07T06:41:53.952385,14145,0.5833333333333334,1,0.0,0.92,0.02000000000000001,,,,,,
2026-06-07T06:42:06.818249,14146,0.5625,1,0.0,0.92,0.02000000000000001,,,,,,
2026-06-07T06:42:23.561212,14147,0.5454545454545454,1,0.0,0.92,0.02000000000000001,,,,,,
2026-06-07T06:42:32.619522,14148,0.6,1,0.0,0.92,0.02000000000000001,,,,,,
2026-06-07T06:42:42.279756,14149,0.6,1,0.0,0.92,0.02000000000000001,,,,,,
2026-06-07T06:42:51.563749,14150,0.6,1,0.0,0.92,0.02000000000000001,,,,,,
2026-06-07T06:42:58.176528,14151,0.6666666666666666,1,0.0,0.93,0.02000000000000001,,,,,,
2026-06-07T06:43:12.341273,14152,0.5555555555555556,1,0.0,0.93,0.02000000000000001,,,,,,
2026-06-07T06:43:19.000891,14153,0.10000000000000002,0,0.0,0.92,0.02000000000000001,,,,,,
2026-06-07T06:43:38.262085,14154,0.5384615384615384,1,0.0,0.92,0.02000000000000001,,,,,,
2026-06-07T06:43:52.713136,14155,0.5625,1,0.0,0.92,0.02000000000000001,,,,,,
2026-06-07T06:44:05.666360,14156,0.5625,1,0.0,0.92,0.02000000000000001,,,,,,
2026-06-07T06:44:12.427087,14157,0.6666666666666666,1,0.0,0.92,0.02000000000000001,,,,,,
2026-06-07T06:44:22.822121,14158,0.5833333333333334,1,0.0,0.92,0.02000000000000001,,,,,,
2026-06-07T06:44:43.240094,14159,0.5357142857142857,1,0.0,0.92,0.02000000000000001,,,,,,
2026-06-07T06:44:51.162720,14160,0.2,0,0.0,0.92,0.02000000000000001,,,,,,
2026-06-07T06:45:00.266385,14161,0.6,1,0.0,0.92,0.02000000000000001,,,,,,
2026-06-07T06:45:10.601152,14162,0.5833333333333334,1,0.0,0.92,0.02000000000000001,,,,,,
2026-06-07T06:45:25.843952,14163,0.55,1,0.0,0.92,0.02000000000000001,,,,,,
2026-06-07T06:45:34.969068,14164,0.6,1,0.0,0.92,0.02000000000000001,,,,,,
2026-06-07T06:45:46.560670,14165,0.5714285714285714,1,0.0,0.92,0.02000000000000001,,,,,,
2026-06-07T06:45:55.649273,14166,0.6,1,0.0,0.92,0.02000000000000001,,,,,,
2026-06-07T06:46:03.499059,14167,0.625,1,0.0,0.92,0.02000000000000001,,,,,,
2026-06-07T06:46:15.306664,14168,0.5714285714285714,1,0.0,0.92,0.02000000000000001,,,,,,
2026-06-07T06:46:25.645664,14169,0.5833333333333334,1,0.0,0.92,0.02000000000000001,,,,,,
2026-06-07T06:46:46.315461,14170,0.5357142857142857,1,0.0,0.92,0.02000000000000001,,,,,,
2026-06-07T06:47:00.642144,14171,0.5625,1,0.0,0.92,0.02000000000000001,,,,,,
2026-06-07T06:47:08.509198,14172,0.625,1,0.0,0.93,0.02000000000000001,,,,,,
2026-06-07T06:47:22.825299,14173,0.5555555555555556,1,0.0,0.93,0.02000000000000001,,,,,,
2026-06-07T06:47:40.682802,14174,0.5416666666666666,1,0.0,0.93,0.02000000000000001,,,,,,
2026-06-07T06:47:48.562102,14175,0.2,0,0.0,0.92,0.02000000000000001,,,,,,
2026-06-07T06:47:58.900085,14176,0.3,0,0.0,0.91,0.02000000000000001,,,,,,
2026-06-07T06:48:11.839589,14177,0.5625,1,0.0,0.91,0.02000000000000001,,,,,,
2026-06-07T06:48:29.685738,14178,0.4375,1,0.08333333333333333,0.91,0.02000000000000001,,,,,,
2026-06-07T06:48:35.084043,14179,0.75,1,0.0,0.91,0.02000000000000001,,,,,,
2026-06-07T06:48:40.449022,14180,0.75,1,0.0,0.91,0.02000000000000001,,,,,,
2026-06-07T06:48:49.620057,14181,0.6,1,0.0,0.92,0.02000000000000001,,,,,,
2026-06-07T06:49:00.161909,14182,0.3,0,0.0,0.92,0.02000000000000001,,,,,,
2026-06-07T06:49:09.314084,14183,0.6,1,0.0,0.92,0.02000000000000001,,,,,,
2026-06-07T06:49:18.502779,14184,0.6,1,0.0,0.92,0.02000000000000001,,,,,,
2026-06-07T06:49:27.695484,14185,0.6,1,0.0,0.92,0.02000000000000001,,,,,,
2026-06-07T06:49:41.828969,14186,0.5555555555555556,1,0.0,0.92,0.02000000000000001,,,,,,
2026-06-07T06:49:49.672845,14187,0.625,1,0.0,0.92,0.02000000000000001,,,,,,
2026-06-07T06:50:11.338199,14188,0.5333333333333333,1,0.0,0.92,0.02000000000000001,,,,,,
2026-06-07T06:50:19.952834,14189,0.6666666666666666,1,0.0,0.92,0.02000000000000001,,,,,,
2026-06-07T06:50:32.832416,14190,0.5625,1,0.0,0.92,0.02000000000000001,,,,,,
2026-06-07T06:50:43.304642,14191,0.5833333333333334,1,0.0,0.92,0.02000000000000001,,,,,,
2026-06-07T06:50:49.935515,14192,0.6666666666666666,1,0.0,0.92,0.02000000000000001,,,,,,
2026-06-07T06:50:55.438430,14193,0.75,1,0.0,0.92,0.02000000000000001,,,,,,
2026-06-07T06:51:04.513402,14194,0.6,1,0.0,0.92,0.02000000000000001,,,,,,
2026-06-07T06:51:13.820160,14195,0.6,1,0.0,0.92,0.02000000000000001,,,,,,
2026-06-07T06:51:34.173626,14196,0.5357142857142857,1,0.0,0.92,0.02000000000000001,,,,,,
2026-06-07T06:51:40.921181,14197,0.6666666666666666,1,0.0,0.92,0.02000000000000001,,,,,,
2026-06-07T06:51:47.613067,14198,0.10000000000000002,0,0.0,0.92,0.02000000000000001,,,,,,
2026-06-07T06:51:56.832877,14199,0.6,1,0.0,0.92,0.02000000000000001,,,,,,
2026-06-07T06:52:10.162518,14200,0.5625,1,0.0,0.92,0.02000000000000001,,,,,,
2026-06-07T06:52:25.563184,14201,0.55,1,0.0,0.92,0.02000000000000001,,,,,,
2026-06-07T06:52:42.322004,14202,0.5454545454545454,1,0.0,0.92,0.02000000000000001,,,,,,
2026-06-07T06:52:50.262710,14203,0.625,1,0.0,0.92,0.02000000000000001,,,,,,
2026-06-07T06:52:58.267951,14204,0.625,1,0.0,0.92,0.02000000000000001,,,,,,
2026-06-07T06:53:11.288354,14205,0.5625,1,0.0,0.92,0.02000000000000001,,,,,,
2026-06-07T06:53:21.730524,14206,0.26,0,0.0,0.91,0.02000000000000001,,,,,,
2026-06-07T06:53:37.236166,14207,0.38,0,0.0,0.9,0.02000000000000001,,,,,,
2026-06-07T06:53:43.864744,14208,0.6666666666666666,1,0.0,0.9,0.02000000000000001,,,,,,
2026-06-07T06:53:53.046978,14209,0.6,1,0.0,0.9,0.02000000000000001,,,,,,
2026-06-07T06:54:07.237103,14210,0.5555555555555556,1,0.0,0.9,0.02000000000000001,,,,,,
2026-06-07T06:54:15.262503,14211,0.625,1,0.0,0.9,0.02000000000000001,,,,,,
2026-06-07T06:54:24.484089,14212,0.6,1,0.0,0.9,0.02000000000000001,,,,,,
2026-06-07T06:54:32.406006,14213,0.625,1,0.0,0.9,0.02000000000000001,,,,,,
2026-06-07T06:54:43.915389,14214,0.5714285714285714,1,0.0,0.9,0.02000000000000001,,,,,,
2026-06-07T06:54:54.271586,14215,0.5833333333333334,1,0.0,0.9,0.02000000000000001,,,,,,
2026-06-07T06:55:01.052113,14216,0.6666666666666666,1,0.0,0.9,0.02000000000000001,,,,,,
2026-06-07T06:55:12.692403,14217,0.5714285714285714,1,0.0,0.9,0.02000000000000001,,,,,,
2026-06-07T06:55:26.965194,14218,0.5625,1,0.0,0.9,0.02000000000000001,,,,,,
2026-06-07T06:55:37.410199,14219,0.5833333333333334,1,0.0,0.9,0.02000000000000001,,,,,,
2026-06-07T06:55:49.166302,14220,0.5714285714285714,1,0.0,0.9,0.02000000000000001,,,,,,
2026-06-07T06:56:02.044719,14221,0.40625,1,0.125,0.91,0.02000000000000001,,,,,,
2026-06-07T06:56:08.679282,14222,0.6666666666666666,1,0.0,0.91,0.02000000000000001,,,,,,
2026-06-07T06:56:12.830038,14223,1.0,1,0.0,0.91,0.02000000000000001,,,,,,
2026-06-07T06:56:20.718130,14224,0.625,1,0.0,0.92,0.02000000000000001,,,,,,
2026-06-07T06:56:28.700000,14225,0.625,1,0.0,0.92,0.02000000000000001,,,,,,
2026-06-07T06:56:38.434091,14226,0.6,1,0.0,0.92,0.02000000000000001,,,,,,
2026-06-07T06:56:53.842619,14227,0.55,1,0.0,0.92,0.02000000000000001,,,,,,
2026-06-07T06:57:00.538888,14228,0.6666666666666666,1,0.0,0.92,0.02000000000000001,,,,,,
2026-06-07T06:57:05.969782,14229,0.75,1,0.0,0.92,0.02000000000000001,,,,,,
2026-06-07T06:57:15.264743,14230,0.6,1,0.0,0.92,0.02000000000000001,,,,,,
2026-06-07T06:57:20.685463,14231,-0.09999999999999998,0,0.0,0.91,0.02000000000000001,,,,,,
2026-06-07T06:57:32.345027,14232,0.5714285714285714,1,0.0,0.91,0.02000000000000001,,,,,,
2026-06-07T06:57:37.753905,14233,0.75,1,0.0,0.91,0.02000000000000001,,,,,,
2026-06-07T06:57:45.671629,14234,0.625,1,0.0,0.91,0.02000000000000001,,,,,,
2026-06-07T06:58:03.678896,14235,0.5416666666666666,1,0.0,0.91,0.02000000000000001,,,,,,
2026-06-07T06:58:16.697449,14236,0.40625,1,0.125,0.91,0.02000000000000001,,,,,,
2026-06-07T06:58:25.930585,14237,0.6,1,0.0,0.91,0.02000000000000001,,,,,,
2026-06-07T06:58:35.173936,14238,0.6,1,0.0,0.91,0.02000000000000001,,,,,,
2026-06-07T06:58:48.045724,14239,0.5625,1,0.0,0.91,0.02000000000000001,,,,,,
2026-06-07T06:58:58.418708,14240,0.5833333333333334,1,0.0,0.91,0.02000000000000001,,,,,,
2026-06-07T06:59:15.132763,14241,0.5454545454545454,1,0.0,0.91,0.02000000000000001,,,,,,
2026-06-07T06:59:31.664589,14242,0.4318181818181818,1,0.09090909090909091,0.91,0.02000000000000001,,,,,,
2026-06-07T06:59:37.093199,14243,0.75,1,0.0,0.91,0.02000000000000001,,,,,,
2026-06-07T06:59:42.499494,14244,0.75,1,0.0,0.91,0.02000000000000001,,,,,,
2026-06-07T06:59:54.104138,14245,0.5714285714285714,1,0.0,0.91,0.02000000000000001,,,,,,
2026-06-07T07:00:08.496393,14246,0.5555555555555556,1,0.0,0.91,0.02000000000000001,,,,,,
2026-06-07T07:00:16.549483,14247,0.625,1,0.0,0.91,0.02000000000000001,,,,,,
2026-06-07T07:00:26.998422,14248,0.5833333333333334,1,0.0,0.91,0.02000000000000001,,,,,,
2026-06-07T07:00:46.182896,14249,0.5384615384615384,1,0.0,0.91,0.02000000000000001,,,,,,
2026-06-07T07:00:52.886785,14250,0.6666666666666666,1,0.0,0.91,0.02000000000000001,,,,,,
2026-06-07T07:02:15.749417,14250,,,,,,4.1866666666666665,0.9333333333333333,7.6,0.0,2219.0528626999985,82.70347670000046
2026-06-07T07:02:36.865964,14251,0.5357142857142857,1,0.0,0.91,0.02000000000000001,,,,,,
2026-06-07T07:02:43.696661,14252,0.6666666666666666,1,0.0,0.91,0.02000000000000001,,,,,,
2026-06-07T07:02:51.814972,14253,0.625,1,0.0,0.92,0.02000000000000001,,,,,,
2026-06-07T07:03:01.194587,14254,0.6,1,0.0,0.92,0.02000000000000001,,,,,,
2026-06-07T07:03:12.056706,14255,0.3,0,0.0,0.91,0.02000000000000001,,,,,,
2026-06-07T07:03:20.142174,14256,0.625,1,0.0,0.91,0.02000000000000001,,,,,,
2026-06-07T07:03:32.134415,14257,0.5714285714285714,1,0.0,0.91,0.02000000000000001,,,,,,
2026-06-07T07:03:41.456538,14258,0.6,1,0.0,0.91,0.02000000000000001,,,,,,
2026-06-07T07:04:01.606471,14259,0.35714285714285715,1,0.14285714285714285,0.91,0.02000000000000001,,,,,,
2026-06-07T07:04:13.274780,14260,0.5714285714285714,1,0.0,0.92,0.02000000000000001,,,,,,
2026-06-07T07:04:28.674249,14261,0.38,0,0.0,0.91,0.02000000000000001,,,,,,
2026-06-07T07:04:34.170340,14262,-0.09999999999999998,0,0.0,0.9,0.02000000000000001,,,,,,
2026-06-07T07:04:42.105252,14263,0.625,1,0.0,0.9,0.02000000000000001,,,,,,
2026-06-07T07:04:46.236643,14264,1.0,1,0.0,0.9,0.02000000000000001,,,,,,
2026-06-07T07:04:52.888575,14265,0.6666666666666666,1,0.0,0.9,0.02000000000000001,,,,,,
2026-06-07T07:05:03.237883,14266,0.5833333333333334,1,0.0,0.9,0.02000000000000001,,,,,,
2026-06-07T07:05:16.211675,14267,0.5625,1,0.0,0.9,0.02000000000000001,,,,,,
2026-06-07T07:05:25.392475,14268,0.6,1,0.0,0.9,0.02000000000000001,,,,,,
2026-06-07T07:05:36.910445,14269,0.5714285714285714,1,0.0,0.9,0.02000000000000001,,,,,,
2026-06-07T07:05:43.556643,14270,0.6666666666666666,1,0.0,0.9,0.02000000000000001,,,,,,
2026-06-07T07:06:04.042227,14271,0.41428571428571426,0,0.0,0.89,0.02000000000000001,,,,,,
2026-06-07T07:06:15.763357,14272,0.5714285714285714,1,0.0,0.89,0.02000000000000001,,,,,,
2026-06-07T07:06:26.116298,14273,0.5833333333333334,1,0.0,0.89,0.02000000000000001,,,,,,
2026-06-07T07:06:36.586818,14274,0.5833333333333334,1,0.0,0.89,0.02000000000000001,,,,,,
2026-06-07T07:06:45.677334,14275,0.6,1,0.0,0.9,0.02000000000000001,,,,,,
2026-06-07T07:06:54.729119,14276,0.6,1,0.0,0.91,0.02000000000000001,,,,,,
2026-06-07T07:07:11.379256,14277,0.5454545454545454,1,0.0,0.91,0.02000000000000001,,,,,,
2026-06-07T07:07:27.926370,14278,0.5454545454545454,1,0.0,0.91,0.02000000000000001,,,,,,
2026-06-07T07:07:38.423705,14279,0.5833333333333334,1,0.0,0.91,0.02000000000000001,,,,,,
2026-06-07T07:07:47.499636,14280,0.6,1,0.0,0.91,0.02000000000000001,,,,,,
2026-06-07T07:07:59.068723,14281,0.5714285714285714,1,0.0,0.91,0.02000000000000001,,,,,,
2026-06-07T07:08:18.280903,14282,0.5384615384615384,1,0.0,0.92,0.02000000000000001,,,,,,
2026-06-07T07:08:26.160740,14283,0.625,1,0.0,0.92,0.02000000000000001,,,,,,
2026-06-07T07:08:42.751775,14284,0.5454545454545454,1,0.0,0.92,0.02000000000000001,,,,,,
2026-06-07T07:08:51.873759,14285,0.6,1,0.0,0.92,0.02000000000000001,,,,,,
2026-06-07T07:08:58.553485,14286,0.6666666666666666,1,0.0,0.92,0.02000000000000001,,,,,,
2026-06-07T07:09:07.669101,14287,0.6,1,0.0,0.92,0.02000000000000001,,,,,,
2026-06-07T07:09:21.942658,14288,0.5555555555555556,1,0.0,0.92,0.02000000000000001,,,,,,
2026-06-07T07:09:29.861414,14289,0.625,1,0.0,0.92,0.02000000000000001,,,,,,
2026-06-07T07:09:43.925822,14290,0.5555555555555556,1,0.0,0.92,0.02000000000000001,,,,,,
2026-06-07T07:09:58.098064,14291,0.5555555555555556,1,0.0,0.92,0.02000000000000001,,,,,,
2026-06-07T07:10:07.151654,14292,0.6,1,0.0,0.92,0.02000000000000001,,,,,,
